id,user_id,full_name,sipa_number,whatsapp_number,years_of_experience,image_url,created_at,updated_at
1,1,admin Wijayanti,,080000000000,,https://www.kindpng.com/picc/m/24-248253_user-profile-default-image-png-clipart-png-download.png,2024-09-24 15:21:48.673962+0700,2024-09-24 15:21:48.673962+0700,
2,2,jordan marcelino,12/B.19/31.73.02.1000001.16.K-2.b/3/TM.09.19/e/2023,080000000001,7,https://www.kindpng.com/picc/m/24-248253_user-profile-default-image-png-clipart-png-download.png,2024-09-24 15:21:48.673962+0700,2024-09-24 15:21:48.673962+0700,
3,3,habibie abdurrahman,12/B.19/31.73.02.1000002.16.K-2.b/3/TM.09.19/e/2023,080000000002,1,https://www.kindpng.com/picc/m/24-248253_user-profile-default-image-png-clipart-png-download.png,2024-09-24 15:21:48.673962+0700,2024-09-24 15:21:48.673962+0700,
4,4,faisal yudiansyah,12/B.19/31.73.02.1000003.16.K-2.b/3/TM.09.19/e/2023,080000000003,3,https://www.kindpng.com/picc/m/24-248253_user-profile-default-image-png-clipart-png-download.png,2024-09-24 15:21:48.673962+0700,2024-09-24 15:21:48.673962+0700,
5,5,zahra ramadhanti,12/B.19/31.73.02.1000004.16.K-2.b/3/TM.09.19/e/2023,080000000004,9,https://www.kindpng.com/picc/m/24-248253_user-profile-default-image-png-clipart-png-download.png,2024-09-24 15:21:48.673962+0700,2024-09-24 15:21:48.673962+0700,
6,6,daniel simamora,12/B.19/31.73.02.1000005.16.K-2.b/3/TM.09.19/e/2023,080000000005,5,https://www.kindpng.com/picc/m/24-248253_user-profile-default-image-png-clipart-png-download.png,2024-09-24 15:21:48.673962+0700,2024-09-24 15:21:48.673962+0700,
7,7,pharmacist1 Pratama,12/B.19/31.73.02.1000006.16.K-2.b/3/TM.09.19/e/2023,080000000006,31,https://www.kindpng.com/picc/m/24-248253_user-profile-default-image-png-clipart-png-download.png,2024-09-24 15:21:48.673962+0700,2024-09-24 15:21:48.673962+0700,
8,8,pharmacist2 Anggriawan,12/B.19/31.73.02.1000007.16.K-2.b/3/TM.09.19/e/2023,080000000007,27,https://www.kindpng.com/picc/m/24-248253_user-profile-default-image-png-clipart-png-download.png,2024-09-24 15:21:48.673962+0700,2024-09-24 15:21:48.673962+0700,
9,9,pharmacist3 Riyanti,12/B.19/31.73.02.1000008.16.K-2.b/3/TM.09.19/e/2023,080000000008,4,https://www.kindpng.com/picc/m/24-248253_user-profile-default-image-png-clipart-png-download.png,2024-09-24 15:21:48.673962+0700,2024-09-24 15:21:48.673962+0700,
10,10,pharmacist4 Latupono,12/B.19/31.73.02.1000009.16.K-2.b/3/TM.09.19/e/2023,080000000009,33,https://www.kindpng.com/picc/m/24-248253_user-profile-default-image-png-clipart-png-download.png,2024-09-24 15:21:48.673962+0700,2024-09-24 15:21:48.673962+0700,